"Page","Src"
"index.html","/img/logo-256.png"
"about/index.html","/img/logo-256.png"
"alerts/index.html","/img/logo-256.png"
"blog/index.html","/img/logo-256.png"
"contact/index.html","/img/logo-256.png"
"sops/index.html","/img/logo-256.png"
"tools/index.html","/img/logo-256.png"
"wiki/index.html","/img/logo-256.png"
"wiki/colony-health/index.html","/img/logo-256.png"
"wiki/colony-health/disease-and-pests/index.html","/img/logo-256.png"
"wiki/colony-health/nutrition-and-forage/index.html","/img/logo-256.png"
"wiki/colony-health/queen-and-brood/index.html","/img/logo-256.png"
"wiki/community-and-policy/index.html","/img/logo-256.png"
"wiki/community-and-policy/education-and-outreach/index.html","/img/logo-256.png"
"wiki/community-and-policy/local-networks/index.html","/img/logo-256.png"
"wiki/community-and-policy/regulatory/index.html","/img/logo-256.png"
"wiki/data-and-sensing/index.html","/img/logo-256.png"
"wiki/data-and-sensing/analysis-and-standards/index.html","/img/logo-256.png"
"wiki/data-and-sensing/field-logs/index.html","/img/logo-256.png"
"wiki/data-and-sensing/sensors-and-telemetry/index.html","/img/logo-256.png"
"wiki/foundations/index.html","/img/logo-256.png"
"wiki/foundations/bees-and-biology/index.html","/img/logo-256.png"
"wiki/foundations/glossary/index.html","/img/logo-256.png"
"wiki/foundations/seasonal-calendar/index.html","/img/logo-256.png"
"wiki/operations/index.html","/img/logo-256.png"
"wiki/operations/harvest-and-processing/index.html","/img/logo-256.png"
"wiki/operations/hives-and-hardware/index.html","/img/logo-256.png"
"wiki/operations/inspections/index.html","/img/logo-256.png"